
{
  "header": {
    "event": "Allocation failed - JavaScript heap out of memory",
    "location": "OnFatalError",
    "filename": "report.20190311.165730.10324.001.json",
    "dumpEventTime": "2019-03-11T16:57:30Z",
    "processId": 10324,
    "commandLine": [
      "C:\\Program Files\\nodejs\\node.exe",
      ".\\pyramid_1.js"
    ],
    "nodejsVersion": "v11.10.1",
    "wordSize": 64,
    "arch": "x64",
    "platform": "win32",
    "componentVersions": {
      "node": "11.10.1",
      "v8": "7.0.276.38-node.17",
      "uv": "1.26.0",
      "zlib": "1.2.11",
      "brotli": "1.0.7",
      "ares": "1.15.0",
      "modules": "67",
      "nghttp2": "1.34.0",
      "napi": "4",
      "llhttp": "1.1.1",
      "http_parser": "2.8.0",
      "openssl": "1.1.1a",
      "cldr": "34.0",
      "icu": "63.1",
      "tz": "2018e",
      "unicode": "11.0"
    },
    "release": {
      "name": "node",
      "headersUrl": "https://nodejs.org/download/release/v11.10.1/node-v11.10.1-headers.tar.gz",
      "sourceUrl": "https://nodejs.org/download/release/v11.10.1/node-v11.10.1.tar.gz",
      "libUrl": "https://nodejs.org/download/release/v11.10.1/win-x64/node.lib"
    },
    "osName": "Windows_NT",
    "osRelease": "10.0.17134",
    "osVersion": "Windows 10 Home",
    "osMachine": "x86_64",
    "host": "DESKTOP-7HDJ9UV"
  },
  "javascriptStack": {
    "message": "No stack.",
    "stack": [
      "Unavailable."
    ]
  },
  "nativeStack": [
    {
      "pc": "0x00007ff7e71edd6e",
      "symbol": "std::basic_ostream<char,std::char_traits<char> >::operator<<+9902"
    },
    {
      "pc": "0x00007ff7e71ecc36",
      "symbol": "std::basic_ostream<char,std::char_traits<char> >::operator<<+5494"
    },
    {
      "pc": "0x00007ff7e71ec4a2",
      "symbol": "std::basic_ostream<char,std::char_traits<char> >::operator<<+3554"
    },
    {
      "pc": "0x00007ff7e72ea3ed",
      "symbol": "uv_loop_fork+83805"
    },
    {
      "pc": "0x00007ff7e76e0f1e",
      "symbol": "v8::internal::FatalProcessOutOfMemory+798"
    },
    {
      "pc": "0x00007ff7e76e0e57",
      "symbol": "v8::internal::FatalProcessOutOfMemory+599"
    },
    {
      "pc": "0x00007ff7e7790e74",
      "symbol": "v8::internal::Heap::RootIsImmortalImmovable+14900"
    },
    {
      "pc": "0x00007ff7e7786994",
      "symbol": "v8::internal::Heap::CollectGarbage+7556"
    },
    {
      "pc": "0x00007ff7e7785068",
      "symbol": "v8::internal::Heap::CollectGarbage+1112"
    },
    {
      "pc": "0x00007ff7e778eab7",
      "symbol": "v8::internal::Heap::RootIsImmortalImmovable+5751"
    },
    {
      "pc": "0x00007ff7e778eb36",
      "symbol": "v8::internal::Heap::RootIsImmortalImmovable+5878"
    },
    {
      "pc": "0x00007ff7e79178e1",
      "symbol": "v8::internal::Factory::NewFillerObject+49"
    },
    {
      "pc": "0x00007ff7e79d0cea",
      "symbol": "v8::internal::StoreBuffer::StoreBufferOverflow+27082"
    },
    {
      "pc": "0x000001c3349d0461",
      "symbol": ""
    }
  ],
  "javascriptHeap": {
    "totalMemory": 1507540992,
    "totalCommittedMemory": 1507540992,
    "usedMemory": 1470240280,
    "availableMemory": 24184552,
    "memoryLimit": 1526909922,
    "heapSpaces": {
      "read_only_space": {
        "memorySize": 524288,
        "committedMemory": 524288,
        "capacity": 515584,
        "used": 33520,
        "available": 482064
      },
      "new_space": {
        "memorySize": 10485760,
        "committedMemory": 10485760,
        "capacity": 5155840,
        "used": 1103288,
        "available": 4052552
      },
      "old_space": {
        "memorySize": 1493372928,
        "committedMemory": 1493372928,
        "capacity": 1468573632,
        "used": 1468100656,
        "available": 472976
      },
      "code_space": {
        "memorySize": 1048576,
        "committedMemory": 1048576,
        "capacity": 545216,
        "used": 545216,
        "available": 0
      },
      "map_space": {
        "memorySize": 536576,
        "committedMemory": 536576,
        "capacity": 208480,
        "used": 208480,
        "available": 0
      },
      "large_object_space": {
        "memorySize": 1572864,
        "committedMemory": 1572864,
        "capacity": 19426080,
        "used": 249120,
        "available": 19176960
      },
      "new_large_object_space": {
        "memorySize": 0,
        "committedMemory": 0,
        "capacity": 0,
        "used": 0,
        "available": 0
      }
    }
  },
  "libuv": [
  ],
  "environmentVariables": {
    "=::": "::\\",
    "ALLUSERSPROFILE": "C:\\ProgramData",
    "APPDATA": "C:\\Users\\허채림\\AppData\\Roaming",
    "AV_APPDATA": "C:\\Users\\허채림\\AppData\\Roaming",
    "CLASSPATH": ".;C:\\Program Files\\Java\\jdk1.8.0_181\\lib\\tools.jar",
    "CommonProgramFiles": "C:\\Program Files\\Common Files",
    "CommonProgramFiles(x86)": "C:\\Program Files (x86)\\Common Files",
    "CommonProgramW6432": "C:\\Program Files\\Common Files",
    "COMPUTERNAME": "DESKTOP-7HDJ9UV",
    "ComSpec": "C:\\WINDOWS\\system32\\cmd.exe",
    "DriverData": "C:\\Windows\\System32\\Drivers\\DriverData",
    "FPS_BROWSER_APP_PROFILE_STRING": "Internet Explorer",
    "FPS_BROWSER_USER_PROFILE_STRING": "Default",
    "HOMEDRIVE": "C:",
    "HOMEPATH": "\\Users\\허채림",
    "JAVA_HOME": "C:\\Program Files\\Java\\jdk1.8.0_181",
    "LOCALAPPDATA": "C:\\Users\\허채림\\AppData\\Local",
    "LOGONSERVER": "\\\\DESKTOP-7HDJ9UV",
    "NUMBER_OF_PROCESSORS": "4",
    "OneDrive": "C:\\Users\\허채림\\OneDrive",
    "OneDriveConsumer": "C:\\Users\\허채림\\OneDrive",
    "OS": "Windows_NT",
    "Path": "C:\\WINDOWS\\System32\\WindowsPowerShell\\v1.0\\;C:\\Program Files (x86)\\Common Files\\Oracle\\Java\\javapath;C:\\WINDOWS\\system32;C:\\WINDOWS;C:\\WINDOWS\\System32\\Wbem;C:\\Program Files (x86)\\Skype\\Phone\\;C:\\WINDOWS\\System32\\OpenSSH\\;C:\\Program Files\\Java\\jdk1.8.0_181\\bin;C:\\Program Files (x86)\\Common Files\\Adobe\\AGL;C:\\Program Files\\nodejs\\;C:\\Users\\허채림\\AppData\\Local\\Microsoft\\WindowsApps;C:\\Users\\허채림\\AppData\\Local\\GitHubDesktop\\bin;C:\\Users\\허채림\\AppData\\Local\\atom\\bin;C:\\Users\\허채림\\AppData\\Roaming\\npm",
    "PATHEXT": ".COM;.EXE;.BAT;.CMD;.VBS;.VBE;.JS;.JSE;.WSF;.WSH;.MSC;.CPL",
    "PROCESSOR_ARCHITECTURE": "AMD64",
    "PROCESSOR_IDENTIFIER": "Intel64 Family 6 Model 142 Stepping 9, GenuineIntel",
    "PROCESSOR_LEVEL": "6",
    "PROCESSOR_REVISION": "8e09",
    "ProgramData": "C:\\ProgramData",
    "ProgramFiles": "C:\\Program Files",
    "ProgramFiles(x86)": "C:\\Program Files (x86)",
    "ProgramW6432": "C:\\Program Files",
    "PSModulePath": "C:\\Users\\허채림\\Documents\\WindowsPowerShell\\Modules;C:\\Program Files\\WindowsPowerShell\\Modules;C:\\WINDOWS\\system32\\WindowsPowerShell\\v1.0\\Modules",
    "PUBLIC": "C:\\Users\\Public",
    "SESSIONNAME": "Console",
    "SystemDrive": "C:",
    "SystemRoot": "C:\\WINDOWS",
    "TEMP": "C:\\Users\\허채림\\AppData\\Local\\Temp",
    "TMP": "C:\\Users\\허채림\\AppData\\Local\\Temp",
    "USERDOMAIN": "DESKTOP-7HDJ9UV",
    "USERDOMAIN_ROAMINGPROFILE": "DESKTOP-7HDJ9UV",
    "USERNAME": "허채림",
    "USERPROFILE": "C:\\Users\\허채림",
    "windir": "C:\\WINDOWS"
  },
  "sharedObjects": [
    "C:\\Program Files\\nodejs\\node.exe",
    "C:\\WINDOWS\\SYSTEM32\\ntdll.dll",
    "C:\\WINDOWS\\System32\\KERNEL32.DLL",
    "C:\\WINDOWS\\System32\\KERNELBASE.dll",
    "C:\\WINDOWS\\System32\\PSAPI.DLL",
    "C:\\WINDOWS\\System32\\WS2_32.dll",
    "C:\\WINDOWS\\System32\\RPCRT4.dll",
    "C:\\WINDOWS\\System32\\ADVAPI32.dll",
    "C:\\WINDOWS\\System32\\msvcrt.dll",
    "C:\\WINDOWS\\System32\\sechost.dll",
    "C:\\WINDOWS\\System32\\USER32.dll",
    "C:\\WINDOWS\\System32\\win32u.dll",
    "C:\\WINDOWS\\System32\\GDI32.dll",
    "C:\\WINDOWS\\System32\\gdi32full.dll",
    "C:\\WINDOWS\\System32\\msvcp_win.dll",
    "C:\\WINDOWS\\System32\\ucrtbase.dll",
    "C:\\WINDOWS\\System32\\CRYPT32.dll",
    "C:\\WINDOWS\\System32\\MSASN1.dll",
    "C:\\WINDOWS\\SYSTEM32\\dbghelp.dll",
    "C:\\WINDOWS\\SYSTEM32\\IPHLPAPI.DLL",
    "C:\\WINDOWS\\SYSTEM32\\USERENV.dll",
    "C:\\WINDOWS\\System32\\profapi.dll",
    "C:\\WINDOWS\\SYSTEM32\\bcrypt.dll",
    "C:\\WINDOWS\\SYSTEM32\\WINMM.dll",
    "C:\\WINDOWS\\SYSTEM32\\winmmbase.dll",
    "C:\\WINDOWS\\System32\\cfgmgr32.dll",
    "C:\\WINDOWS\\System32\\IMM32.DLL",
    "C:\\WINDOWS\\System32\\powrprof.dll",
    "C:\\WINDOWS\\system32\\mswsock.dll",
    "C:\\WINDOWS\\System32\\kernel.appcore.dll",
    "C:\\WINDOWS\\System32\\bcryptprimitives.dll",
    "C:\\WINDOWS\\system32\\napinsp.dll",
    "C:\\WINDOWS\\system32\\pnrpnsp.dll",
    "C:\\WINDOWS\\system32\\NLAapi.dll",
    "C:\\WINDOWS\\SYSTEM32\\DNSAPI.dll",
    "C:\\WINDOWS\\System32\\NSI.dll",
    "C:\\WINDOWS\\System32\\winrnr.dll",
    "C:\\WINDOWS\\System32\\wshbth.dll"
  ]
}